[submodule "others-projects/gpt-neox-deeperspeed"]
	path = others-projects/gpt-neox-deeperspeed
	url = https://github.com/EleutherAI/DeeperSpeed.git
[submodule "others-projects/lm_dataformat"]
	path = others-projects/lm_dataformat
	url = https://github.com/EleutherAI/lm_dataformat.git
[submodule "nvidia-projects/NeMo-Megatron-Launcher"]
	path = nvidia-projects/NeMo-Megatron-Launcher
	url = https://github.com/NVIDIA/NeMo-Megatron-Launcher.git
[submodule "nvidia-projects/apex"]
	path = nvidia-projects/apex
	url = https://github.com/NVIDIA/apex.git
[submodule "huggingface-projects/accelerate"]
	path = huggingface-projects/accelerate
	url = https://github.com/huggingface/accelerate.git
[submodule "huggingface-projects/datasets"]
	path = huggingface-projects/datasets
	url = https://github.com/huggingface/datasets.git
[submodule "agent-projects-projects/llama_index"]
	path = agent-projects/llama_index
	url = https://github.com/run-llama/llama_index.git
[submodule "agent-projects/langchain"]
	path = agent-projects/langchain
	url = https://github.com/langchain-ai/langchain.git
[submodule "agent-projects/text-generation-webui"]
	path = agent-projects/text-generation-webui
	url = https://github.com/oobabooga/text-generation-webui.git
[submodule "others-projects/koboldcpp"]
	path = others-projects/koboldcpp
	url = https://github.com/LostRuins/koboldcpp.git
[submodule "others-projects/ggml"]
	path = others-projects/ggml
	url = https://github.com/ggerganov/ggml.git
[submodule "ray-projects/ray-educational-materials"]
	path = ray-projects/ray-educational-materials
	url = https://github.com/ray-project/ray-educational-materials.git
[submodule "ray-projects/llm-applications"]
	path = ray-projects/llm-applications
	url = https://github.com/ray-project/llm-applications.git
[submodule "ray-projects/ray-llm"]
	path = ray-projects/ray-llm
	url = https://github.com/ray-project/ray-llm.git
[submodule "llm-projects/alpa"]
	path = llm-projects/alpa
	url = https://github.com/alpa-projects/alpa.git
[submodule "llm-projects/vllm"]
	path = llm-projects/vllm
	url = https://github.com/vllm-project/vllm.git
[submodule "ray-projects/ColossalAI"]
	path = ray-projects/ColossalAI
	url = https://github.com/hpcaitech/ColossalAI.git
[submodule "ray-projects/trlx"]
	path = ray-projects/trlx
	url = https://github.com/CarperAI/trlx.git
[submodule "flag-open-projects/FlagAI"]
	path = flag-open-projects/FlagAI
	url = https://github.com/FlagAI-Open/FlagAI.git
[submodule "huggingface-projects/transformers"]
	path = huggingface-projects/transformers
	url = https://github.com/huggingface/transformers.git
[submodule "huggingface-projects/peft"]
	path = huggingface-projects/peft
	url = https://github.com/huggingface/peft.git
[submodule "huggingface-projects/optimum"]
	path = huggingface-projects/optimum
	url = https://github.com/huggingface/optimum.git
[submodule "huggingface-projects/diffusers"]
	path = huggingface-projects/diffusers
	url = https://github.com/huggingface/diffusers.git
[submodule "huggingface-projects/candle"]
	path = huggingface-projects/candle
	url = https://github.com/huggingface/candle.git
[submodule "huggingface-projects/blog"]
	path = huggingface-projects/blog
	url = https://github.com/huggingface/blog.git
[submodule "huggingface-projects/pytorch-image-models"]
	path = huggingface-projects/pytorch-image-models
	url = https://github.com/huggingface/pytorch-image-models.git
[submodule "huggingface-projects/optimum-intel"]
	path = huggingface-projects/optimum-intel
	url = https://github.com/huggingface/optimum-intel.git
[submodule "ascend-projects/pytorch"]
	path = ascend-projects/pytorch
	url = https://github.com/Ascend/pytorch.git
[submodule "ascend-projects/modelzoo"]
	path = ascend-projects/modelzoo
	url = https://github.com/Ascend/modelzoo.git
[submodule "ascend-projects/samples"]
	path = ascend-projects/samples
	url = https://github.com/Ascend/samples.git
[submodule "ascend-projects/att"]
	path = ascend-projects/att
	url = https://github.com/Ascend/att.git
[submodule "ascend-projects/ait"]
	path = ascend-projects/ait
	url = https://github.com/Ascend/ait.git
[submodule "ascend-projects/AscendSpeed"]
	path = ascend-projects/AscendSpeed
	url = https://github.com/Ascend/AscendSpeed.git
[submodule "ascend-projects/ascend-docker-runtime"]
	path = ascend-projects/ascend-docker-runtime
	url = https://github.com/Ascend/ascend-docker-runtime.git
[submodule "ascend-projects/ascend-hccl-controller"]
	path = ascend-projects/ascend-hccl-controller
	url = https://github.com/Ascend/ascend-hccl-controller.git
[submodule "ascend-projects/ascend-device-plugin"]
	path = ascend-projects/Ascend-device-plugin
	url = https://github.com/Ascend/ascend-device-plugin.git
[submodule "ascend-projects/Megatron-LM"]
	path = ascend-projects/Megatron-LM
	url = https://github.com/Ascend/Megatron-LM.git
[submodule "ascend-projects/ascend-npu-exporter"]
	path = ascend-projects/ascend-npu-exporter
	url = https://github.com/Ascend/ascend-npu-exporter.git
[submodule "ascend-projects/tools"]
	path = ascend-projects/tools
	url = https://github.com/Ascend/tools.git
[submodule "ascend-projects/ascend-for-volcano"]
	path = ascend-projects/ascend-for-volcano
	url = https://github.com/Ascend/ascend-for-volcano.git
[submodule "ascend-projects/transformers"]
	path = ascend-projects/transformers
	url = https://github.com/Ascend/transformers.git
[submodule "ascend-projects/DeepSpeed"]
	path = ascend-projects/DeepSpeed
	url = https://github.com/Ascend/DeepSpeed.git
[submodule "ascend-projects/apex"]
	path = ascend-projects/apex
	url = https://github.com/Ascend/apex.git
[submodule "ascend-projects/ascend-docker-image"]
	path = ascend-projects/ascend-docker-image
	url = https://github.com/Ascend/ascend-docker-image.git
[submodule "ascend-projects/ascend_community_projects"]
	path = ascend-projects/ascend_community_projects
	url = https://github.com/Ascend/ascend_community_projects.git
[submodule "ascend-projects/mindformers"]
	path = ascend-projects/mindformers
	url = https://github.com/mindspore/mindformers.git
[submodule "ascend-projects/ringmo-framework"]
	path = ascend-projects/ringmo-framework
	url = https://github.com/mindspore/ringmo-framework.git
[submodule "ascend-projects/serving"]
	path = ascend-projects/serving
	url = https://github.com/mindspore/serving.git
[submodule "ascend-projects/op-plugin"]
	path = ascend-projects/op-plugin
	url = https://github.com/ascend/op-plugin.git
[submodule "ascend-projects/parser"]
	path = ascend-projects/parser
	url = https://github.com/ascend/parser.git
[submodule "ascend-projects/mindpandas"]
	path = ascend-projects/mindpandas
	url = https://github.com/mindspore/mindpandas.git
[submodule "ascend-projects/hub"]
	path = ascend-projects/hub
	url = https://github.com/mindspore/hub.git
[submodule "ascend-projects/mindpet"]
	path = ascend-projects/mindpet
	url = https://github.com/mindspore-lab/mindpet.git
[submodule "ascend-projects/mindone"]
	path = ascend-projects/mindone
	url = https://github.com/mindspore-lab/mindone.git
[submodule "ascend-projects/mindinsight"]
	path = ascend-projects/mindinsight
	url = https://github.com/mindspore/mindinsight.git
[submodule "ascend-projects/models"]
	path = ascend-projects/models
	url = https://github.com/mindspore/models.git
[submodule "ascend-projects/mindcv"]
	path = ascend-projects/mindcv
	url = https://github.com/mindspore-lab/mindcv.git
[submodule "ascend-projects/mindnlp"]
	path = ascend-projects/mindnlp
	url = https://github.com/mindspore-lab/mindnlp.git
[submodule "ascend-projects/mindaudio"]
	path = ascend-projects/mindaudio
	url = https://github.com/mindspore-lab/mindaudio.git
[submodule "ascend-projects/mind-golden-stick"]
	path = ascend-projects/mind-golden-stick
	url = https://github.com/mindspore/golden-stick.git
[submodule "ascend-projects/mindarmour"]
	path = ascend-projects/mindarmour
	url = https://github.com/mindspore/mindarmour.git
[submodule "ascend-projects/federated"]
	path = ascend-projects/federated
	url = https://github.com/mindspore/federated.git
[submodule "ascend-projects/mindspore"]
	path = ascend-projects/mindspore
	url = https://github.com/mindspore/mindspore.git
[submodule "ascend-projects/mind-akkg"]
	path = ascend-projects/mind-akkg
	url = https://github.com/mindspore/akg.git
[submodule "ascend-projects/mind-graph"]
	path = ascend-projects/mind-graph
	url = https://github.com/mindspore/graphlearning.git
[submodule "ascend-projects/mindrl"]
	path = ascend-projects/mindrl
	url = https://github.com/mindspore-lab/mindrl.git
[submodule "huggingface-projects/tokenizers"]
	path = huggingface-projects/tokenizers
	url = https://github.com/huggingface/tokenizers.git
[submodule "ascend-projects/mindocr"]
	path = ascend-projects/mindocr
	url = https://github.com/mindspore-lab/mindocr.git
[submodule "huggingface-projects/autotrain-advanced"]
	path = huggingface-projects/autotrain-advanced
	url = https://github.com/huggingface/autotrain-advanced.git
[submodule "nvidia-projects/TensorRT-LLM"]
	path = nvidia-projects/TensorRT-LLM
	url = https://github.com/NVIDIA/TensorRT-LLM.git
[submodule "nvidia-projects/triton-server"]
	path = nvidia-projects/triton-server
	url = https://github.com/triton-inference-server/server.git
[submodule "nvidia-projects/triton-tutorials"]
	path = nvidia-projects/triton-tutorials
	url = https://github.com/triton-inference-server/tutorials.git
[submodule "others-projects/onnx"]
	path = others-projects/onnx
	url = https://github.com/onnx/onnx.git
[submodule "others-projects/Yi"]
	path = others-projects/Yi
	url = https://github.com/01-ai/Yi.git
[submodule "others-projects/ascend-docker-image"]
	path = ascend-projects/ascend-docker-image/ascend-docker-image
	url = https://github.com/ascend/ascend-docker-image.git
[submodule "mlflow-projects/mlflow"]
	path = mlflow-projects/mlflow
	url = https://github.com/mlflow/mlflow.git
[submodule "others-projects/modeldb"]
	path = others-projects/modeldb
	url = https://github.com/VertaAI/modeldb.git
[submodule "openBMB-projects/ChatDev"]
	path = openBMB-projects/ChatDev
	url = https://github.com/OpenBMB/ChatDev.git
[submodule "openBMB-projects/BMTrain"]
	path = openBMB-projects/BMTrain
	url = https://github.com/OpenBMB/BMTrain.git
[submodule "openBMB-projects/ModelCenter"]
	path = openBMB-projects/ModelCenter
	url = https://github.com/OpenBMB/ModelCenter.git
[submodule "openBMB-projects/XAgent"]
	path = openBMB-projects/XAgent
	url = https://github.com/OpenBMB/XAgent.git
[submodule "openBMB-projects/AgentVerse"]
	path = openBMB-projects/AgentVerse
	url = https://github.com/OpenBMB/AgentVerse.git
[submodule "openBMB-projects/UltraEval"]
	path = openBMB-projects/UltraEval
	url = https://github.com/OpenBMB/UltraEval.git
[submodule "openBMB-projects/ToolBench"]
	path = openBMB-projects/ToolBench
	url = https://github.com/OpenBMB/ToolBench.git
[submodule "openBMB-projects/BMCook"]
	path = openBMB-projects/BMCook
	url = https://github.com/OpenBMB/BMCook.git
[submodule "openBMB-projects/BMInf"]
	path = openBMB-projects/BMInf
	url = https://github.com/OpenBMB/BMInf.git
[submodule "zenml-projects/zenml"]
	path = zenml-projects/zenml
	url = https://github.com/zenml-io/zenml.git
[submodule "zenml-projects/mlstacks"]
	path = zenml-projects/mlstacks
	url = https://github.com/zenml-io/mlstacks.git
[submodule "zenml-projects/zenml-dashboard"]
	path = zenml-projects/zenml-dashboard
	url = https://github.com/zenml-io/zenml-dashboard.git
[submodule "kserve-projects/kserve"]
	path = kserve-projects/kserve
	url = https://github.com/kserve/kserve.git
[submodule "modelmesh-projects/modelmesh"]
	path = kserve-projects/modelmesh
	url = https://github.com/kserve/modelmesh.git
[submodule "kserve-projects/modelmesh-serving"]
	path = kserve-projects/modelmesh-serving
	url = https://github.com/kserve/modelmesh-serving.git
[submodule "fluid-projects/fluid"]
	path = fluid-projects/fluid
	url = https://github.com/fluid-cloudnative/fluid.git
[submodule "llm-projects/haystack"]
	path = llm-projects/haystack
	url = https://github.com/deepset-ai/haystack.git
[submodule "llm-projects/xtuner"]
	path = llm-projects/xtuner
	url = https://github.com/InternLM/xtuner.git
[submodule "llm-projects/llama_index"]
	path = llm-projects/llama_index
	url = https://github.com/run-llama/llama_index.git
[submodule "llm-projects/dify"]
	path = llm-projects/dify
	url = https://github.com/langgenius/dify.git
[submodule "tuning-projects/bitsandbytes"]
	path = tuning-projects/bitsandbytes
	url = https://github.com/TimDettmers/bitsandbytes.git
[submodule "tuning-projects/peft"]
	path = tuning-projects/peft
	url = https://github.com/huggingface/peft.git
[submodule "tuning-projects/accelerate"]
	path = tuning-projects/accelerate
	url = https://github.com/huggingface/accelerate.git
[submodule "tuning-projects/LLM-Adapters"]
	path = tuning-projects/LLM-Adapters
	url = https://github.com/AGI-Edgerunners/LLM-Adapters
[submodule "tuning-projects/Alpaca-CoT"]
	path = tuning-projects/Alpaca-CoT
	url = https://github.com/PhoebusSi/Alpaca-CoT.git
[submodule "tuning-projects/AutoGPTQ"]
	path = tuning-projects/AutoGPTQ
	url = https://github.com/PanQiWei/AutoGPTQ.git
[submodule "llm-projects/text-generation-webui"]
	path = llm-projects/text-generation-webui
	url = https://github.com/oobabooga/text-generation-webui.git
[submodule "tuning-projects/AutoAWQ"]
	path = tuning-projects/AutoAWQ
	url = https://github.com/casper-hansen/AutoAWQ.git
[submodule "tuning-projects/exllamav2"]
	path = tuning-projects/exllamav2
	url = https://github.com/turboderp/exllamav2.git
[submodule "llm-projects/Langchain-Chatchat"]
	path = llm-projects/Langchain-Chatchat
	url = https://github.com/chatchat-space/Langchain-Chatchat.git
[submodule "llm-projects/FastChat"]
	path = llm-projects/FastChat
	url = https://github.com/lm-sys/FastChat.git
[submodule "llm-projects/llama"]
	path = llm-projects/llama
	url = https://github.com/ggerganov/llama.cpp.git
[submodule "llm-projects/mlc-llm"]
	path = llm-projects/mlc-llm
	url = https://github.com/mlc-ai/mlc-llm.git
[submodule "llm-projects/mlc-zh"]
	path = llm-projects/mlc-zh
	url = https://github.com/mlc-ai/mlc-zh.git
[submodule "llm-projects/LocalAI"]
	path = llm-projects/LocalAI
	url = https://github.com/mudler/LocalAI.git
[submodule "xorbitsai-projects/inference"]
	path = xorbitsai-projects/inference
	url = https://github.com/xorbitsai/inference.git
[submodule "llm-projects/ollama"]
	path = llm-projects/ollama
	url = https://github.com/jmorganca/ollama.git
[submodule "dagster-projects/dagster"]
	path = dagster-projects/dagster
	url = https://github.com/dagster-io/dagster.git
[submodule "llm-data-projects/stanford_alpaca"]
	path = llm-data-projects/stanford_alpaca
	url = https://github.com/tatsu-lab/stanford_alpaca.git
[submodule "llm-data-projects/self-instruct"]
	path = llm-data-projects/self-instruct
	url = https://github.com/yizhongw/self-instruct
[submodule "llm-data-projects/alpaca-lora"]
	path = llm-data-projects/alpaca-lora
	url = https://github.com/tloen/alpaca-lora
[submodule "llm-data-projects/AlpacaDataCleaned"]
	path = llm-data-projects/AlpacaDataCleaned
	url = https://github.com/gururise/AlpacaDataCleaned
[submodule "llm-data-projects/BELLE"]
	path = llm-data-projects/BELLE
	url = https://github.com/LianjiaTech/BELLE
[submodule "dask-projects/dask"]
	path = dask-projects/dask
	url = https://github.com/dask/dask.git
[submodule "ludwig-projects/ludwig"]
	path = ludwig-projects/ludwig
	url = https://github.com/ludwig-ai/ludwig.git
[submodule "dask-projects/distributed"]
	path = dask-projects/distributed
	url = https://github.com/dask/distributed.git
[submodule "llm-projects/self-instruct"]
	path = llm-projects/self-instruct
	url = https://github.com/yizhongw/self-instruct.git
[submodule "llm-projects/RedPajama-Data"]
	path = llm-projects/RedPajama-Data
	url = https://github.com/togethercomputer/RedPajama-Data.git
[submodule "ray-projects/ray"]
	path = ray-projects/ray
	url = https://github.com/ray-project/ray.git
[submodule "flyte-projects/flyte"]
	path = flyte-projects/flyte
	url = https://github.com/flyteorg/flyte.git
[submodule "llm-projects/llm-fine-tuning"]
	path = llm-projects/llm-fine-tuning
	url = https://github.com/unionai-oss/llm-fine-tuning.git
[submodule "flyte-projects/flytekit-java"]
	path = flyte-projects/flytekit-java
	url = https://github.com/flyteorg/flytekit-java.git
[submodule "flyte-projects/flytesnacks"]
	path = flyte-projects/flytesnacks
	url = https://github.com/flyteorg/flytesnacks.git
[submodule "flyte-projects/flytekit"]
	path = flyte-projects/flytekit
	url = https://github.com/flyteorg/flytekit.git
[submodule "flyte-projects/flyteconsole"]
	path = flyte-projects/flyteconsole
	url = https://github.com/flyteorg/flyteconsole.git
[submodule "flyte-projects/flytectl"]
	path = flyte-projects/flytectl
	url = https://github.com/flyteorg/flytectl.git
[submodule "flyte-projects/flytetools"]
	path = flyte-projects/flytetools
	url = https://github.com/flyteorg/flytetools.git
[submodule "ray-projects/Made-With-ML"]
	path = ray-projects/Made-With-ML
	url = https://github.com/GokuMohandas/Made-With-ML.git
[submodule "modelscope-projects/modelscope"]
	path = modelscope-projects/modelscope
	url = https://github.com/modelscope/modelscope.git
[submodule "fluid-projects/alluxio"]
	path = fluid-projects/alluxio
	url = https://github.com/Alluxio/alluxio.git
[submodule "modelscope-projects/swift"]
	path = modelscope-projects/swift
	url = https://github.com/modelscope/swift.git
[submodule "huggingface-projects/huggingface_hub"]
	path = huggingface-projects/huggingface_hub
	url = https://github.com/huggingface/huggingface_hub.git
[submodule "huggingface-projects/hub-docs"]
	path = huggingface-projects/hub-docs
	url = https://github.com/huggingface/hub-docs.git
[submodule "llm-projects/one-api"]
	path = llm-projects/one-api
	url = https://github.com/songquanpeng/one-api.git
[submodule "ray-projects/mobius"]
	path = ray-projects/mobius
	url = https://github.com/ray-project/mobius.git
[submodule "ray-projects/deltacat"]
	path = ray-projects/deltacat
	url = https://github.com/ray-project/deltacat.git
[submodule "ray-projects/rayfed"]
	path = ray-projects/rayfed
	url = https://github.com/ray-project/rayfed.git
[submodule "nvidia-projects/NeMo-Guardrails"]
	path = nvidia-projects/NeMo-Guardrails
	url = https://github.com/NVIDIA/NeMo-Guardrails.git
[submodule "nvidia-projects/NeMo-Curator"]
	path = nvidia-projects/NeMo-Curator
	url = https://github.com/NVIDIA/NeMo-Curator.git
[submodule "volcano-projects/volcano"]
	path = volcano-projects/volcano
	url = https://github.com/volcano-sh/volcano.git
[submodule "volcano-projects/apis"]
	path = volcano-projects/apis
	url = https://github.com/volcano-sh/apis.git
[submodule "volcano-projects/devices"]
	path = volcano-projects/devices
	url = https://github.com/volcano-sh/devices.git
[submodule "others-projects/cube-studio"]
	path = others-projects/cube-studio
	url = https://github.com/data-infra/cube-studio.git
[submodule "llm-projects/bisheng"]
	path = llm-projects/bisheng
	url = https://github.com/dataelement/bisheng.git
[submodule "milvus-io-projects/milvus"]
	path = milvus-io-projects/milvus
	url = https://github.com/milvus-io/milvus.git
[submodule "milvus-io-projects/milvus-operator"]
	path = milvus-io-projects/milvus-operator
	url = https://github.com/zilliztech/milvus-operator.git
[submodule "llm-projects/ragflow"]
	path = llm-projects/ragflow
	url = https://github.com/infiniflow/ragflow.git
[submodule "llm-projects/langgraph"]
	path = llm-projects/langgraph
	url = https://github.com/langchain-ai/langgraph.git
[submodule "llm-projects/inference"]
	path = llm-projects/inference
	url = https://github.com/xorbitsai/inference.git
[submodule "jina-projects/jina"]
	path = jina-projects/jina
	url = https://github.com/jina-ai/jina.git
[submodule "jina-projects/clip-as-service"]
	path = jina-projects/clip-as-service
	url = https://github.com/jina-ai/clip-as-service.git
[submodule "llm-projects/bisheng-rt"]
	path = llm-projects/bisheng-rt
	url = https://github.com/dataelement/bisheng-rt.git
[submodule "llm-projects/bisheng-unstructured"]
	path = llm-projects/bisheng-unstructured
	url = https://github.com/dataelement/bisheng-unstructured.git
[submodule "llm-projects/bisheng-ft"]
	path = llm-projects/bisheng-ft
	url = https://github.com/dataelement/bisheng-ft.git
[submodule "agent-projects/open-webui"]
	path = agent-projects/open-webui
	url = https://github.com/open-webui/open-webui.git
[submodule "llm-projects/mindsdb"]
	path = llm-projects/mindsdb
	url = https://github.com/mindsdb/mindsdb.git
[submodule "agent-projects/chainlit"]
	path = agent-projects/chainlit
	url = https://github.com/Chainlit/chainlit.git
[submodule "agent-projects/opik"]
	path = agent-projects/opik
	url = https://github.com/comet-ml/opik.git
[submodule "agent-projects/openllmetry"]
	path = agent-projects/openllmetry
	url = https://github.com/traceloop/openllmetry.git
[submodule "agent-projects/langfuse"]
	path = agent-projects/langfuse
	url = https://github.com/langfuse/langfuse.git
[submodule "chainlit-cookbook-projects/cookbook"]
	path = chainlit-cookbook-projects/cookbook
	url = https://github.com/Chainlit/cookbook.git
[submodule "agent-projects/litellm"]
	path = agent-projects/litellm
	url = https://github.com/BerriAI/litellm.git
[submodule "agent-projects/ADAS"]
	path = agent-projects/ADAS
	url = https://github.com/ShengranHu/ADAS.git
[submodule "agent-projects/crewAI"]
	path = agent-projects/crewAI
	url = https://github.com/crewAIInc/crewAI.git
[submodule "kubeflow-projects/kubeflow"]
	path = kubeflow-projects/kubeflow
	url = https://github.com/kubeflow/kubeflow.git
[submodule "kubeflow-projects/pipelines"]
	path = kubeflow-projects/pipelines
	url = https://github.com/kubeflow/pipelines.git
[submodule "kubeflow-projects/training-operator"]
	path = kubeflow-projects/training-operator
	url = https://github.com/kubeflow/training-operator.git
[submodule "kubeflow-projects/manifests"]
	path = kubeflow-projects/manifests
	url = https://github.com/kubeflow/manifests.git
[submodule "agent-projects/TinyTroupe"]
	path = agent-projects/TinyTroupe
	url = https://github.com/microsoft/TinyTroupe.git
[submodule "agent-projects/spring-ai"]
	path = agent-projects/spring-ai
	url = https://github.com/spring-projects/spring-ai.git
